dept_code,specialite,densite,effectif,dept_code_clean
1,01-Médecine générale,"100,11",672,01
2,01-Médecine générale,"101,23",532,02
3,01-Médecine générale,"131,75",441,03
4,01-Médecine générale,"165,09",276,04
5,01-Médecine générale,"273,86",388,05
6,01-Médecine générale,"173,7",1936,06
7,01-Médecine générale,"119,44",398,07
8,01-Médecine générale,"126,87",339,08
9,01-Médecine générale,"160,94",250,09
10,01-Médecine générale,"115,73",360,10
11,01-Médecine générale,"148,77",562,11
12,01-Médecine générale,"142,63",399,12
13,01-Médecine générale,"176,44",3652,13
14,01-Médecine générale,"165,2",1164,14
15,01-Médecine générale,"155,13",224,15
16,01-Médecine générale,"133,1",468,16
17,01-Médecine générale,"172,86",1155,17
18,01-Médecine générale,"98,16",294,18
19,01-Médecine générale,"143,68",345,19
21,01-Médecine générale,"166,49",895,21
22,01-Médecine générale,"136,65",833,22
23,01-Médecine générale,"135,9",157,23
24,01-Médecine générale,"131,39",547,24
25,01-Médecine générale,"161,67",887,25
26,01-Médecine générale,"143,26",747,26
27,01-Médecine générale,"87,48",526,27
28,01-Médecine générale,"87,31",378,28
29,01-Médecine générale,"178,25",1654,29
02A,01-Médecine générale,"154,18",256,02A
02B,01-Médecine générale,"152,78",283,02B
30,01-Médecine générale,"142,41",1088,30
31,01-Médecine générale,"165,01",2403,31
32,01-Médecine générale,"138,07",266,32
33,01-Médecine générale,"178,69",2993,33
34,01-Médecine générale,"177,52",2161,34
35,01-Médecine générale,"159,3",1767,35
36,01-Médecine générale,113,245,36
37,01-Médecine générale,"156,74",966,37
38,01-Médecine générale,"154,41",1994,38
39,01-Médecine générale,"139,7",361,39
40,01-Médecine générale,"166,42",713,40
41,01-Médecine générale,"112,78",371,41
42,01-Médecine générale,"154,78",1195,42
43,01-Médecine générale,"146,39",334,43
44,01-Médecine générale,"160,4",2363,44
45,01-Médecine générale,"104,21",716,45
46,01-Médecine générale,"148,05",260,46
47,01-Médecine générale,"124,01",412,47
48,01-Médecine générale,"142,48",109,48
49,01-Médecine générale,"158,91",1316,49
50,01-Médecine générale,"128,42",638,50
51,01-Médecine générale,"157,24",887,51
52,01-Médecine générale,"128,93",219,52
53,01-Médecine générale,"110,66",338,53
54,01-Médecine générale,"168,65",1236,54
55,01-Médecine générale,"130,57",236,55
56,01-Médecine générale,"171,76",1333,56
57,01-Médecine générale,"124,2",1305,57
58,01-Médecine générale,"118,14",239,58
59,01-Médecine générale,"158,05",4136,59
60,01-Médecine générale,"102,08",848,60
61,01-Médecine générale,"135,8",375,61
62,01-Médecine générale,"129,44",1890,62
63,01-Médecine générale,"158,79",1055,63
64,01-Médecine générale,"198,01",1385,64
65,01-Médecine générale,"187,94",435,65
66,01-Médecine générale,"163,5",806,66
67,01-Médecine générale,"169,32",1959,67
68,01-Médecine générale,"130,5",1002,68
69,01-Médecine générale,"169,76",3239,69
70,01-Médecine générale,"132,95",311,70
71,01-Médecine générale,"129,48",711,71
72,01-Médecine générale,"113,93",645,72
73,01-Médecine générale,"203,46",906,73
74,01-Médecine générale,"153,84",1307,74
75,01-Médecine générale,"240,86",5091,75
76,01-Médecine générale,"142,68",1798,76
77,01-Médecine générale,"91,43",1328,77
78,01-Médecine générale,"109,33",1608,78
79,01-Médecine générale,"125,73",472,79
80,01-Médecine générale,"165,33",935,80
81,01-Médecine générale,"141,35",560,81
82,01-Médecine générale,"123,05",326,82
83,01-Médecine générale,"152,93",1695,83
84,01-Médecine générale,"148,06",842,84
85,01-Médecine générale,"120,34",850,85
86,01-Médecine générale,"157,97",693,86
87,01-Médecine générale,"173,18",645,87
88,01-Médecine générale,"140,23",503,88
89,01-Médecine générale,"109,61",366,89
90,01-Médecine générale,"140,63",197,90
91,01-Médecine générale,"105,77",1401,91
92,01-Médecine générale,"140,1",2308,92
93,01-Médecine générale,"100,97",1698,93
94,01-Médecine générale,"127,37",1808,94
95,01-Médecine générale,"95,76",1217,95
971,01-Médecine générale,"148,34",569,971
972,01-Médecine générale,"147,64",533,972
973,01-Médecine générale,"138,36",399,973
974,01-Médecine générale,166,1463,974
976,01-Médecine générale,"47,39",142,976
Total général,01-Médecine générale,"14459,16",99939,Total général
1,02-Chirurgie,"9,53",64,01
2,02-Chirurgie,"13,13",69,02
3,02-Chirurgie,"17,93",60,03
4,02-Chirurgie,"17,94",30,04
5,02-Chirurgie,"20,47",29,05
6,02-Chirurgie,"32,39",361,06
7,02-Chirurgie,"16,81",56,07
8,02-Chirurgie,"16,47",44,08
9,02-Chirurgie,"8,37",13,09
10,02-Chirurgie,"15,43",48,10
11,02-Chirurgie,"18,79",71,11
12,02-Chirurgie,"12,87",36,12
13,02-Chirurgie,"29,91",619,13
14,02-Chirurgie,"27,11",191,14
15,02-Chirurgie,"16,62",24,15
16,02-Chirurgie,"13,94",49,16
17,02-Chirurgie,"17,36",116,17
18,02-Chirurgie,"12,35",37,18
19,02-Chirurgie,"21,24",51,19
21,02-Chirurgie,"27,16",146,21
22,02-Chirurgie,"11,81",72,22
23,02-Chirurgie,"10,39",12,23
24,02-Chirurgie,"14,17",59,24
25,02-Chirurgie,"23,88",131,25
26,02-Chirurgie,"15,15",79,26
27,02-Chirurgie,"9,81",59,27
28,02-Chirurgie,"12,01",52,28
29,02-Chirurgie,"18,75",174,29
02A,02-Chirurgie,"22,28",37,02A
02B,02-Chirurgie,"17,28",32,02B
30,02-Chirurgie,"18,32",140,30
31,02-Chirurgie,"23,48",342,31
32,02-Chirurgie,"19,72",38,32
33,02-Chirurgie,"25,31",424,33
34,02-Chirurgie,"28,26",344,34
35,02-Chirurgie,"21,46",238,35
36,02-Chirurgie,"11,53",25,36
37,02-Chirurgie,"26,61",164,37
38,02-Chirurgie,"19,9",257,38
39,02-Chirurgie,"17,8",46,39
40,02-Chirurgie,14,60,40
41,02-Chirurgie,"11,55",38,41
42,02-Chirurgie,"20,21",156,42
43,02-Chirurgie,"13,15",30,43
44,02-Chirurgie,"20,36",300,44
45,02-Chirurgie,"13,83",95,45
46,02-Chirurgie,"10,82",19,46
47,02-Chirurgie,"15,95",53,47
48,02-Chirurgie,"18,3",14,48
49,02-Chirurgie,"19,92",165,49
50,02-Chirurgie,"13,49",67,50
51,02-Chirurgie,"23,4",132,51
52,02-Chirurgie,"18,84",32,52
53,02-Chirurgie,"10,48",32,53
54,02-Chirurgie,"26,2",192,54
55,02-Chirurgie,"13,28",24,55
56,02-Chirurgie,"14,95",116,56
57,02-Chirurgie,"16,46",173,57
58,02-Chirurgie,"13,35",27,58
59,02-Chirurgie,"23,16",606,59
60,02-Chirurgie,"12,04",100,60
61,02-Chirurgie,"15,21",42,61
62,02-Chirurgie,"14,79",216,62
63,02-Chirurgie,"23,63",157,63
64,02-Chirurgie,"19,87",139,64
65,02-Chirurgie,"15,99",37,65
66,02-Chirurgie,"18,66",92,66
67,02-Chirurgie,"25,76",298,67
68,02-Chirurgie,"17,58",135,68
69,02-Chirurgie,"30,92",590,69
70,02-Chirurgie,"12,4",29,70
71,02-Chirurgie,"17,66",97,71
72,02-Chirurgie,"15,19",86,72
73,02-Chirurgie,"20,66",92,73
74,02-Chirurgie,"19,07",162,74
75,02-Chirurgie,"64,96",1373,75
76,02-Chirurgie,"20,63",260,76
77,02-Chirurgie,"10,74",156,77
78,02-Chirurgie,"13,46",198,78
79,02-Chirurgie,"13,85",52,79
80,02-Chirurgie,"23,34",132,80
81,02-Chirurgie,"17,92",71,81
82,02-Chirurgie,"13,59",36,82
83,02-Chirurgie,"20,03",222,83
84,02-Chirurgie,"18,46",105,84
85,02-Chirurgie,"10,76",76,85
86,02-Chirurgie,"22,34",98,86
87,02-Chirurgie,"26,04",97,87
88,02-Chirurgie,"14,78",53,88
89,02-Chirurgie,"12,58",42,89
90,02-Chirurgie,"35,69",50,90
91,02-Chirurgie,"11,7",155,91
92,02-Chirurgie,"23,31",384,92
93,02-Chirurgie,"12,78",215,93
94,02-Chirurgie,"20,57",292,94
95,02-Chirurgie,"10,7",136,95
971,02-Chirurgie,"16,16",62,971
972,02-Chirurgie,"19,67",71,972
973,02-Chirurgie,"8,67",25,973
974,02-Chirurgie,16,141,974
976,02-Chirurgie,"3,34",10,976
Total général,02-Chirurgie,"1826,94",13954,Total général
1,03-Ophtalmologie,"4,62",31,01
2,03-Ophtalmologie,"5,14",27,02
3,03-Ophtalmologie,"7,47",25,03
4,03-Ophtalmologie,"7,18",12,04
5,03-Ophtalmologie,"9,88",14,05
6,03-Ophtalmologie,"14,8",165,06
7,03-Ophtalmologie,"4,2",14,07
8,03-Ophtalmologie,"3,37",9,08
9,03-Ophtalmologie,"3,86",6,09
10,03-Ophtalmologie,"6,11",19,10
11,03-Ophtalmologie,"6,62",25,11
12,03-Ophtalmologie,"6,08",17,12
13,03-Ophtalmologie,"11,55",239,13
14,03-Ophtalmologie,"6,95",49,14
15,03-Ophtalmologie,"4,85",7,15
16,03-Ophtalmologie,"7,11",25,16
17,03-Ophtalmologie,"7,33",49,17
18,03-Ophtalmologie,"4,01",12,18
19,03-Ophtalmologie,"5,83",14,19
21,03-Ophtalmologie,"7,25",39,21
22,03-Ophtalmologie,"5,41",33,22
23,03-Ophtalmologie,"3,46",4,23
24,03-Ophtalmologie,"7,21",30,24
25,03-Ophtalmologie,"6,38",35,25
26,03-Ophtalmologie,"8,05",42,26
27,03-Ophtalmologie,"4,16",25,27
28,03-Ophtalmologie,"6,93",30,28
29,03-Ophtalmologie,"8,08",75,29
02A,03-Ophtalmologie,"9,64",16,02A
02B,03-Ophtalmologie,"9,72",18,02B
30,03-Ophtalmologie,"8,25",63,30
31,03-Ophtalmologie,"9,61",140,31
32,03-Ophtalmologie,"8,82",17,32
33,03-Ophtalmologie,"10,75",180,33
34,03-Ophtalmologie,"10,43",127,34
35,03-Ophtalmologie,"8,02",89,35
36,03-Ophtalmologie,"5,53",12,36
37,03-Ophtalmologie,"8,76",54,37
38,03-Ophtalmologie,"7,98",103,38
39,03-Ophtalmologie,"10,06",26,39
40,03-Ophtalmologie,"9,8",42,40
41,03-Ophtalmologie,"7,9",26,41
42,03-Ophtalmologie,"8,03",62,42
43,03-Ophtalmologie,"6,14",14,43
44,03-Ophtalmologie,"9,03",133,44
45,03-Ophtalmologie,"5,68",39,45
46,03-Ophtalmologie,"3,99",7,46
47,03-Ophtalmologie,"6,62",22,47
48,03-Ophtalmologie,"6,54",5,48
49,03-Ophtalmologie,"8,69",72,49
50,03-Ophtalmologie,"5,03",25,50
51,03-Ophtalmologie,"7,62",43,51
52,03-Ophtalmologie,"5,3",9,52
53,03-Ophtalmologie,"4,58",14,53
54,03-Ophtalmologie,"9,69",71,54
55,03-Ophtalmologie,"3,87",7,55
56,03-Ophtalmologie,"7,86",61,56
57,03-Ophtalmologie,"5,81",61,57
58,03-Ophtalmologie,"6,92",14,58
59,03-Ophtalmologie,"7,18",188,59
60,03-Ophtalmologie,"6,02",50,60
61,03-Ophtalmologie,"5,07",14,61
62,03-Ophtalmologie,"5,55",81,62
63,03-Ophtalmologie,"8,13",54,63
64,03-Ophtalmologie,"9,58",67,64
65,03-Ophtalmologie,"5,62",13,65
66,03-Ophtalmologie,"9,33",46,66
67,03-Ophtalmologie,"9,33",108,67
68,03-Ophtalmologie,"8,34",64,68
69,03-Ophtalmologie,"11,22",214,69
70,03-Ophtalmologie,"3,42",8,70
71,03-Ophtalmologie,"5,83",32,71
72,03-Ophtalmologie,"5,83",33,72
73,03-Ophtalmologie,"8,76",39,73
74,03-Ophtalmologie,"6,59",56,74
75,03-Ophtalmologie,"31,79",672,75
76,03-Ophtalmologie,"7,38",93,76
77,03-Ophtalmologie,"4,06",59,77
78,03-Ophtalmologie,"8,91",131,78
79,03-Ophtalmologie,"5,06",19,79
80,03-Ophtalmologie,"7,78",44,80
81,03-Ophtalmologie,"8,08",32,81
82,03-Ophtalmologie,"6,42",17,82
83,03-Ophtalmologie,"10,92",121,83
84,03-Ophtalmologie,"10,2",58,84
85,03-Ophtalmologie,"4,53",32,85
86,03-Ophtalmologie,"8,21",36,86
87,03-Ophtalmologie,"8,06",30,87
88,03-Ophtalmologie,"3,62",13,88
89,03-Ophtalmologie,"5,09",17,89
90,03-Ophtalmologie,"8,57",12,90
91,03-Ophtalmologie,"5,21",69,91
92,03-Ophtalmologie,"11,47",189,92
93,03-Ophtalmologie,"5,95",100,93
94,03-Ophtalmologie,"8,45",120,94
95,03-Ophtalmologie,"7,4",94,95
971,03-Ophtalmologie,"7,56",29,971
972,03-Ophtalmologie,"8,59",31,972
973,03-Ophtalmologie,"2,43",7,973
974,03-Ophtalmologie,"6,24",55,974
976,03-Ophtalmologie,"0,67",2,976
Total général,03-Ophtalmologie,"739,01",5793,Total général
1,04-Oto-rhino-laryngologie,"2,09",14,01
2,04-Oto-rhino-laryngologie,"1,9",10,02
3,04-Oto-rhino-laryngologie,"2,09",7,03
4,04-Oto-rhino-laryngologie,"4,19",7,04
5,04-Oto-rhino-laryngologie,"7,06",10,05
6,04-Oto-rhino-laryngologie,"7,54",84,06
7,04-Oto-rhino-laryngologie,"3,9",13,07
8,04-Oto-rhino-laryngologie,"1,87",5,08
9,04-Oto-rhino-laryngologie,"3,22",5,09
10,04-Oto-rhino-laryngologie,"3,21",10,10
11,04-Oto-rhino-laryngologie,"2,38",9,11
12,04-Oto-rhino-laryngologie,"2,14",6,12
13,04-Oto-rhino-laryngologie,"7,1",147,13
14,04-Oto-rhino-laryngologie,"4,54",32,14
15,04-Oto-rhino-laryngologie,"2,77",4,15
16,04-Oto-rhino-laryngologie,"2,84",10,16
17,04-Oto-rhino-laryngologie,"4,19",28,17
18,04-Oto-rhino-laryngologie,"3,34",10,18
19,04-Oto-rhino-laryngologie,"2,92",7,19
21,04-Oto-rhino-laryngologie,"4,46",24,21
22,04-Oto-rhino-laryngologie,"2,79",17,22
23,04-Oto-rhino-laryngologie,"1,73",2,23
24,04-Oto-rhino-laryngologie,"2,88",12,24
25,04-Oto-rhino-laryngologie,"4,01",22,25
26,04-Oto-rhino-laryngologie,"3,07",16,26
27,04-Oto-rhino-laryngologie,"2,49",15,27
28,04-Oto-rhino-laryngologie,"2,77",12,28
29,04-Oto-rhino-laryngologie,"3,99",37,29
02A,04-Oto-rhino-laryngologie,"6,02",10,02A
02B,04-Oto-rhino-laryngologie,"2,7",5,02B
30,04-Oto-rhino-laryngologie,"3,66",28,30
31,04-Oto-rhino-laryngologie,"5,56",81,31
32,04-Oto-rhino-laryngologie,"1,56",3,32
33,04-Oto-rhino-laryngologie,"5,97",100,33
34,04-Oto-rhino-laryngologie,"6,82",83,34
35,04-Oto-rhino-laryngologie,"4,06",45,35
36,04-Oto-rhino-laryngologie,"2,31",5,36
37,04-Oto-rhino-laryngologie,"4,38",27,37
38,04-Oto-rhino-laryngologie,"2,87",37,38
39,04-Oto-rhino-laryngologie,"2,71",7,39
40,04-Oto-rhino-laryngologie,"3,73",16,40
41,04-Oto-rhino-laryngologie,"3,04",10,41
42,04-Oto-rhino-laryngologie,"4,53",35,42
43,04-Oto-rhino-laryngologie,"2,63",6,43
44,04-Oto-rhino-laryngologie,"3,87",57,44
45,04-Oto-rhino-laryngologie,"3,2",22,45
46,04-Oto-rhino-laryngologie,"2,85",5,46
47,04-Oto-rhino-laryngologie,"1,81",6,47
48,04-Oto-rhino-laryngologie,"1,31",1,48
49,04-Oto-rhino-laryngologie,"3,98",33,49
50,04-Oto-rhino-laryngologie,"2,42",12,50
51,04-Oto-rhino-laryngologie,"3,19",18,51
52,04-Oto-rhino-laryngologie,"1,18",2,52
53,04-Oto-rhino-laryngologie,"2,95",9,53
54,04-Oto-rhino-laryngologie,"4,78",35,54
55,04-Oto-rhino-laryngologie,"1,66",3,55
56,04-Oto-rhino-laryngologie,"4,64",36,56
57,04-Oto-rhino-laryngologie,"3,33",35,57
58,04-Oto-rhino-laryngologie,"1,48",3,58
59,04-Oto-rhino-laryngologie,"4,09",107,59
60,04-Oto-rhino-laryngologie,"2,05",17,60
61,04-Oto-rhino-laryngologie,"1,81",5,61
62,04-Oto-rhino-laryngologie,"2,26",33,62
63,04-Oto-rhino-laryngologie,"3,76",25,63
64,04-Oto-rhino-laryngologie,"4,29",30,64
65,04-Oto-rhino-laryngologie,"3,46",8,65
66,04-Oto-rhino-laryngologie,"4,67",23,66
67,04-Oto-rhino-laryngologie,"5,19",60,67
68,04-Oto-rhino-laryngologie,"4,82",37,68
69,04-Oto-rhino-laryngologie,"5,5",105,69
70,04-Oto-rhino-laryngologie,"2,14",5,70
71,04-Oto-rhino-laryngologie,"2,73",15,71
72,04-Oto-rhino-laryngologie,3,17,72
73,04-Oto-rhino-laryngologie,"4,27",19,73
74,04-Oto-rhino-laryngologie,4,34,74
75,04-Oto-rhino-laryngologie,"15,23",322,75
76,04-Oto-rhino-laryngologie,"5,95",75,76
77,04-Oto-rhino-laryngologie,"2,13",31,77
78,04-Oto-rhino-laryngologie,"4,08",60,78
79,04-Oto-rhino-laryngologie,"3,2",12,79
80,04-Oto-rhino-laryngologie,"3,71",21,80
81,04-Oto-rhino-laryngologie,"4,54",18,81
82,04-Oto-rhino-laryngologie,"3,02",8,82
83,04-Oto-rhino-laryngologie,"5,23",58,83
84,04-Oto-rhino-laryngologie,"4,75",27,84
85,04-Oto-rhino-laryngologie,"2,12",15,85
86,04-Oto-rhino-laryngologie,"4,33",19,86
87,04-Oto-rhino-laryngologie,"3,22",12,87
88,04-Oto-rhino-laryngologie,"2,79",10,88
89,04-Oto-rhino-laryngologie,"2,7",9,89
90,04-Oto-rhino-laryngologie,"6,42",9,90
91,04-Oto-rhino-laryngologie,"2,87",38,91
92,04-Oto-rhino-laryngologie,"5,95",98,92
93,04-Oto-rhino-laryngologie,"3,09",52,93
94,04-Oto-rhino-laryngologie,"7,26",103,94
95,04-Oto-rhino-laryngologie,"3,23",41,95
971,04-Oto-rhino-laryngologie,"3,39",13,971
972,04-Oto-rhino-laryngologie,"2,77",10,972
973,04-Oto-rhino-laryngologie,"1,04",3,973
974,04-Oto-rhino-laryngologie,"4,08",36,974
976,04-Oto-rhino-laryngologie,2,6,976
1,05-Anesthésie-Réanimation,"8,34",56,01
2,05-Anesthésie-Réanimation,"13,7",72,02
3,05-Anesthésie-Réanimation,"13,74",46,03
4,05-Anesthésie-Réanimation,"13,16",22,04
5,05-Anesthésie-Réanimation,"27,53",39,05
6,05-Anesthésie-Réanimation,"26,74",298,06
7,05-Anesthésie-Réanimation,"7,5",25,07
8,05-Anesthésie-Réanimation,"9,73",26,08
9,05-Anesthésie-Réanimation,"10,3",16,09
10,05-Anesthésie-Réanimation,"10,61",33,10
11,05-Anesthésie-Réanimation,"13,24",50,11
12,05-Anesthésie-Réanimation,"8,22",23,12
13,05-Anesthésie-Réanimation,"30,15",624,13
14,05-Anesthésie-Réanimation,"22,57",159,14
15,05-Anesthésie-Réanimation,"14,54",21,15
16,05-Anesthésie-Réanimation,"9,1",32,16
17,05-Anesthésie-Réanimation,"12,42",83,17
18,05-Anesthésie-Réanimation,"7,35",22,18
19,05-Anesthésie-Réanimation,"11,66",28,19
21,05-Anesthésie-Réanimation,"23,62",127,21
22,05-Anesthésie-Réanimation,"11,98",73,22
23,05-Anesthésie-Réanimation,"9,52",11,23
24,05-Anesthésie-Réanimation,"8,89",37,24
25,05-Anesthésie-Réanimation,"19,87",109,25
26,05-Anesthésie-Réanimation,"15,15",79,26
27,05-Anesthésie-Réanimation,"5,65",34,27
28,05-Anesthésie-Réanimation,"7,16",31,28
29,05-Anesthésie-Réanimation,"16,7",155,29
02A,05-Anesthésie-Réanimation,"18,67",31,02A
02B,05-Anesthésie-Réanimation,"12,42",23,02B
30,05-Anesthésie-Réanimation,"20,03",153,30
31,05-Anesthésie-Réanimation,"25,61",373,31
32,05-Anesthésie-Réanimation,"10,9",21,32
33,05-Anesthésie-Réanimation,"26,27",440,33
34,05-Anesthésie-Réanimation,"28,75",350,34
35,05-Anesthésie-Réanimation,"20,64",229,35
36,05-Anesthésie-Réanimation,"9,69",21,36
37,05-Anesthésie-Réanimation,"18,17",112,37
38,05-Anesthésie-Réanimation,"19,28",249,38
39,05-Anesthésie-Réanimation,"8,9",23,39
40,05-Anesthésie-Réanimation,"12,84",55,40
41,05-Anesthésie-Réanimation,"9,42",31,41
42,05-Anesthésie-Réanimation,"16,58",128,42
43,05-Anesthésie-Réanimation,"14,03",32,43
44,05-Anesthésie-Réanimation,"19,01",280,44
45,05-Anesthésie-Réanimation,"10,92",75,45
46,05-Anesthésie-Réanimation,"11,39",20,46
47,05-Anesthésie-Réanimation,"12,04",40,47
48,05-Anesthésie-Réanimation,"6,54",5,48
49,05-Anesthésie-Réanimation,"19,2",159,49
50,05-Anesthésie-Réanimation,"8,45",42,50
51,05-Anesthésie-Réanimation,"15,42",87,51
52,05-Anesthésie-Réanimation,"11,19",19,52
53,05-Anesthésie-Réanimation,"7,2",22,53
54,05-Anesthésie-Réanimation,"24,29",178,54
55,05-Anesthésie-Réanimation,"4,98",9,55
56,05-Anesthésie-Réanimation,"17,01",132,56
57,05-Anesthésie-Réanimation,"13,7",144,57
58,05-Anesthésie-Réanimation,"7,41",15,58
59,05-Anesthésie-Réanimation,"20,37",533,59
60,05-Anesthésie-Réanimation,"8,79",73,60
61,05-Anesthésie-Réanimation,"12,67",35,61
62,05-Anesthésie-Réanimation,"11,37",166,62
63,05-Anesthésie-Réanimation,"23,93",159,63
64,05-Anesthésie-Réanimation,"23,59",165,64
65,05-Anesthésie-Réanimation,"15,55",36,65
66,05-Anesthésie-Réanimation,"17,04",84,66
67,05-Anesthésie-Réanimation,"23,94",277,67
68,05-Anesthésie-Réanimation,"15,5",119,68
69,05-Anesthésie-Réanimation,"32,5",620,69
70,05-Anesthésie-Réanimation,"8,98",21,70
71,05-Anesthésie-Réanimation,"12,57",69,71
72,05-Anesthésie-Réanimation,"12,72",72,72
73,05-Anesthésie-Réanimation,"18,86",84,73
74,05-Anesthésie-Réanimation,"17,3",147,74
75,05-Anesthésie-Réanimation,"58,19",1230,75
76,05-Anesthésie-Réanimation,"18,01",227,76
77,05-Anesthésie-Réanimation,"7,85",114,77
78,05-Anesthésie-Réanimation,"11,08",163,78
79,05-Anesthésie-Réanimation,"9,32",35,79
80,05-Anesthésie-Réanimation,"20,51",116,80
81,05-Anesthésie-Réanimation,"14,39",57,81
82,05-Anesthésie-Réanimation,"14,34",38,82
83,05-Anesthésie-Réanimation,"16,24",180,83
84,05-Anesthésie-Réanimation,"14,95",85,84
85,05-Anesthésie-Réanimation,"10,33",73,85
86,05-Anesthésie-Réanimation,"19,38",85,86
87,05-Anesthésie-Réanimation,"21,48",80,87
88,05-Anesthésie-Réanimation,"9,2",33,88
89,05-Anesthésie-Réanimation,"8,98",30,89
90,05-Anesthésie-Réanimation,"20,7",29,90
91,05-Anesthésie-Réanimation,"11,4",151,91
92,05-Anesthésie-Réanimation,"22,94",378,92
93,05-Anesthésie-Réanimation,"9,34",157,93
94,05-Anesthésie-Réanimation,"22,12",314,94
95,05-Anesthésie-Réanimation,"9,36",119,95
971,05-Anesthésie-Réanimation,"13,3",51,971
972,05-Anesthésie-Réanimation,"18,84",68,972
973,05-Anesthésie-Réanimation,"7,98",23,973
974,05-Anesthésie-Réanimation,"20,42",180,974
976,05-Anesthésie-Réanimation,"6,01",18,976
Total général,05-Anesthésie-Réanimation,"1542,43",12523,Total général
1,06-Biologie médicale,"1,04",7,01
2,06-Biologie médicale,"2,28",12,02
3,06-Biologie médicale,"2,09",7,03
4,06-Biologie médicale,"3,59",6,04
5,06-Biologie médicale,"4,23",6,05
6,06-Biologie médicale,"7,99",89,06
7,06-Biologie médicale,"1,5",5,07
8,06-Biologie médicale,"2,62",7,08
9,06-Biologie médicale,"2,58",4,09
10,06-Biologie médicale,"1,93",6,10
11,06-Biologie médicale,"3,71",14,11
12,06-Biologie médicale,"2,14",6,12
13,06-Biologie médicale,"6,76",140,13
14,06-Biologie médicale,"4,4",31,14
15,06-Biologie médicale,"2,08",3,15
16,06-Biologie médicale,"1,42",5,16
17,06-Biologie médicale,"2,84",19,17
18,06-Biologie médicale,"2,34",7,18
19,06-Biologie médicale,"3,75",9,19
21,06-Biologie médicale,"6,51",35,21
22,06-Biologie médicale,"2,3",14,22
23,06-Biologie médicale,"3,46",4,23
24,06-Biologie médicale,"3,12",13,24
25,06-Biologie médicale,"5,65",31,25
26,06-Biologie médicale,"2,11",11,26
27,06-Biologie médicale,"1,5",9,27
28,06-Biologie médicale,"3,46",15,28
29,06-Biologie médicale,"5,93",55,29
02A,06-Biologie médicale,"6,62",11,02A
02B,06-Biologie médicale,"1,62",3,02B
30,06-Biologie médicale,"3,93",30,30
31,06-Biologie médicale,"4,53",66,31
32,06-Biologie médicale,"1,04",2,32
33,06-Biologie médicale,"6,03",101,33
34,06-Biologie médicale,"6,41",78,34
35,06-Biologie médicale,"4,96",55,35
36,06-Biologie médicale,"1,84",4,36
37,06-Biologie médicale,"4,87",30,37
38,06-Biologie médicale,"4,88",63,38
39,06-Biologie médicale,"1,55",4,39
40,06-Biologie médicale,"3,5",15,40
41,06-Biologie médicale,"3,34",11,41
42,06-Biologie médicale,"4,53",35,42
43,06-Biologie médicale,"2,63",6,43
44,06-Biologie médicale,"4,07",60,44
45,06-Biologie médicale,"3,35",23,45
46,06-Biologie médicale,"1,14",2,46
47,06-Biologie médicale,"2,71",9,47
48,06-Biologie médicale,"2,61",2,48
49,06-Biologie médicale,"6,28",52,49
50,06-Biologie médicale,"2,82",14,50
51,06-Biologie médicale,"6,2",35,51
52,06-Biologie médicale,"2,35",4,52
53,06-Biologie médicale,"1,64",5,53
54,06-Biologie médicale,"6,14",45,54
55,06-Biologie médicale,"2,21",4,55
56,06-Biologie médicale,"2,71",21,56
57,06-Biologie médicale,"3,81",40,57
58,06-Biologie médicale,"3,46",7,58
59,06-Biologie médicale,"4,59",120,59
60,06-Biologie médicale,"2,29",19,60
61,06-Biologie médicale,"1,81",5,61
62,06-Biologie médicale,"2,26",33,62
63,06-Biologie médicale,"6,77",45,63
64,06-Biologie médicale,6,42,64
65,06-Biologie médicale,"1,73",4,65
66,06-Biologie médicale,"1,83",9,66
67,06-Biologie médicale,"5,36",62,67
68,06-Biologie médicale,3,23,68
69,06-Biologie médicale,"5,45",104,69
70,06-Biologie médicale,"2,99",7,70
71,06-Biologie médicale,"2,91",16,71
72,06-Biologie médicale,3,17,72
73,06-Biologie médicale,"2,25",10,73
74,06-Biologie médicale,"3,3",28,74
75,06-Biologie médicale,"15,61",330,75
76,06-Biologie médicale,"4,92",62,76
77,06-Biologie médicale,"2,55",37,77
78,06-Biologie médicale,"3,81",56,78
79,06-Biologie médicale,"2,13",8,79
80,06-Biologie médicale,"5,48",31,80
81,06-Biologie médicale,"3,03",12,81
82,06-Biologie médicale,"2,26",6,82
83,06-Biologie médicale,"3,79",42,83
84,06-Biologie médicale,"3,34",19,84
85,06-Biologie médicale,"2,69",19,85
86,06-Biologie médicale,"6,15",27,86
87,06-Biologie médicale,"6,44",24,87
88,06-Biologie médicale,"2,79",10,88
89,06-Biologie médicale,"1,2",4,89
90,06-Biologie médicale,"3,57",5,90
91,06-Biologie médicale,"3,4",45,91
92,06-Biologie médicale,"5,52",91,92
93,06-Biologie médicale,"4,76",80,93
94,06-Biologie médicale,"8,45",120,94
95,06-Biologie médicale,"4,8",61,95
971,06-Biologie médicale,"6,26",24,971
972,06-Biologie médicale,"4,15",15,972
973,06-Biologie médicale,"3,81",11,973
974,06-Biologie médicale,"4,08",36,974
976,06-Biologie médicale,"0,33",1,976
Total général,06-Biologie médicale,"377,97",3127,Total général
1,07-Cardiologie,"2,38",16,01
2,07-Cardiologie,"7,42",39,02
3,07-Cardiologie,"8,66",29,03
4,07-Cardiologie,"7,18",12,04
5,07-Cardiologie,"10,59",15,05
6,07-Cardiologie,"16,96",189,06
7,07-Cardiologie,"6,6",22,07
8,07-Cardiologie,"5,24",14,08
9,07-Cardiologie,"3,86",6,09
10,07-Cardiologie,"7,39",23,10
11,07-Cardiologie,9,34,11
12,07-Cardiologie,"7,51",21,12
13,07-Cardiologie,"17,34",359,13
14,07-Cardiologie,"14,33",101,14
15,07-Cardiologie,"5,54",8,15
16,07-Cardiologie,"7,11",25,16
17,07-Cardiologie,"10,93",73,17
18,07-Cardiologie,"7,35",22,18
19,07-Cardiologie,"11,24",27,19
21,07-Cardiologie,"12,09",65,21
22,07-Cardiologie,"7,87",48,22
23,07-Cardiologie,"7,79",9,23
24,07-Cardiologie,"7,45",31,24
25,07-Cardiologie,"8,38",46,25
26,07-Cardiologie,"9,01",47,26
27,07-Cardiologie,"4,66",28,27
28,07-Cardiologie,"8,78",38,28
29,07-Cardiologie,"8,84",82,29
02A,07-Cardiologie,"6,62",11,02A
02B,07-Cardiologie,"11,88",22,02B
30,07-Cardiologie,"9,82",75,30
31,07-Cardiologie,"15,11",220,31
32,07-Cardiologie,"3,63",7,32
33,07-Cardiologie,"16,3",273,33
34,07-Cardiologie,"12,08",147,34
35,07-Cardiologie,"10,19",113,35
36,07-Cardiologie,"5,53",12,36
37,07-Cardiologie,"13,47",83,37
38,07-Cardiologie,"9,6",124,38
39,07-Cardiologie,"7,35",19,39
40,07-Cardiologie,"6,54",28,40
41,07-Cardiologie,"5,17",17,41
42,07-Cardiologie,"8,68",67,42
43,07-Cardiologie,"3,51",8,43
44,07-Cardiologie,"10,52",155,44
45,07-Cardiologie,"6,99",48,45
46,07-Cardiologie,"8,54",15,46
47,07-Cardiologie,"7,22",24,47
48,07-Cardiologie,"6,54",5,48
49,07-Cardiologie,"7,97",66,49
50,07-Cardiologie,"6,84",34,50
51,07-Cardiologie,"10,81",61,51
52,07-Cardiologie,"6,48",11,52
53,07-Cardiologie,"4,58",14,53
54,07-Cardiologie,"11,05",81,54
55,07-Cardiologie,"12,17",22,55
56,07-Cardiologie,"8,89",69,56
57,07-Cardiologie,"10,18",107,57
58,07-Cardiologie,"7,41",15,58
59,07-Cardiologie,"10,93",286,59
60,07-Cardiologie,"6,5",54,60
61,07-Cardiologie,"5,79",16,61
62,07-Cardiologie,"8,36",122,62
63,07-Cardiologie,"11,74",78,63
64,07-Cardiologie,"12,72",89,64
65,07-Cardiologie,"9,51",22,65
66,07-Cardiologie,"11,36",56,66
67,07-Cardiologie,"13,92",161,67
68,07-Cardiologie,"12,11",93,68
69,07-Cardiologie,"14,05",268,69
70,07-Cardiologie,"2,99",7,70
71,07-Cardiologie,"8,01",44,71
72,07-Cardiologie,"5,3",30,72
73,07-Cardiologie,"7,86",35,73
74,07-Cardiologie,"8,71",74,74
75,07-Cardiologie,"32,08",678,75
76,07-Cardiologie,"8,25",104,76
77,07-Cardiologie,"6,95",101,77
78,07-Cardiologie,"9,99",147,78
79,07-Cardiologie,"6,93",26,79
80,07-Cardiologie,"10,26",58,80
81,07-Cardiologie,"9,84",39,81
82,07-Cardiologie,"8,3",22,82
83,07-Cardiologie,"11,82",131,83
84,07-Cardiologie,"10,73",61,84
85,07-Cardiologie,"6,09",43,85
86,07-Cardiologie,"10,26",45,86
87,07-Cardiologie,"8,86",33,87
88,07-Cardiologie,"6,69",24,88
89,07-Cardiologie,"8,09",27,89
90,07-Cardiologie,"11,42",16,90
91,07-Cardiologie,"10,34",137,91
92,07-Cardiologie,"13,6",224,92
93,07-Cardiologie,"10,7",180,93
94,07-Cardiologie,"11,83",168,94
95,07-Cardiologie,"7,16",91,95
971,07-Cardiologie,"9,91",38,971
972,07-Cardiologie,"9,14",33,972
973,07-Cardiologie,"3,12",9,973
974,07-Cardiologie,"9,08",80,974
976,07-Cardiologie,1,3,976
Total général,07-Cardiologie,"915,47",7335,Total général
1,08-Dermatologie,"0,89",6,01
2,08-Dermatologie,"3,04",16,02
3,08-Dermatologie,"2,39",8,03
4,08-Dermatologie,"2,39",4,04
5,08-Dermatologie,"4,23",6,05
6,08-Dermatologie,"11,21",125,06
7,08-Dermatologie,3,10,07
8,08-Dermatologie,"2,25",6,08
9,08-Dermatologie,"1,93",3,09
10,08-Dermatologie,"2,57",8,10
11,08-Dermatologie,"4,24",16,11
12,08-Dermatologie,"2,5",7,12
13,08-Dermatologie,"8,89",184,13
14,08-Dermatologie,"6,39",45,14
15,08-Dermatologie,"5,54",8,15
16,08-Dermatologie,"3,41",12,16
17,08-Dermatologie,"3,89",26,17
18,08-Dermatologie,"3,01",9,18
19,08-Dermatologie,"3,33",8,19
21,08-Dermatologie,"7,63",41,21
22,08-Dermatologie,"2,3",14,22
23,08-Dermatologie,0,0,23
24,08-Dermatologie,"4,08",17,24
25,08-Dermatologie,"7,65",42,25
26,08-Dermatologie,"4,41",23,26
27,08-Dermatologie,"1,66",10,27
28,08-Dermatologie,"1,85",8,28
29,08-Dermatologie,"5,71",53,29
02A,08-Dermatologie,"4,82",8,02A
02B,08-Dermatologie,"2,7",5,02B
30,08-Dermatologie,"4,84",37,30
31,08-Dermatologie,"8,24",120,31
32,08-Dermatologie,"2,08",4,32
33,08-Dermatologie,"8,78",147,33
34,08-Dermatologie,"8,3",101,34
35,08-Dermatologie,"5,86",65,35
36,08-Dermatologie,"2,31",5,36
37,08-Dermatologie,"7,79",48,37
38,08-Dermatologie,"4,49",58,38
39,08-Dermatologie,"2,71",7,39
40,08-Dermatologie,"2,57",11,40
41,08-Dermatologie,"2,13",7,41
42,08-Dermatologie,"4,53",35,42
43,08-Dermatologie,"2,19",5,43
44,08-Dermatologie,"5,91",87,44
45,08-Dermatologie,"2,91",20,45
46,08-Dermatologie,"1,71",3,46
47,08-Dermatologie,"1,81",6,47
48,08-Dermatologie,"1,31",1,48
49,08-Dermatologie,"4,71",39,49
50,08-Dermatologie,"3,02",15,50
51,08-Dermatologie,"6,03",34,51
52,08-Dermatologie,"2,94",5,52
53,08-Dermatologie,"2,29",7,53
54,08-Dermatologie,"7,91",58,54
55,08-Dermatologie,"1,66",3,55
56,08-Dermatologie,"3,87",30,56
57,08-Dermatologie,"2,95",31,57
58,08-Dermatologie,"0,99",2,58
59,08-Dermatologie,"4,55",119,59
60,08-Dermatologie,"1,69",14,60
61,08-Dermatologie,"2,17",6,61
62,08-Dermatologie,"3,01",44,62
63,08-Dermatologie,"6,17",41,63
64,08-Dermatologie,"7,29",51,64
65,08-Dermatologie,"4,32",10,65
66,08-Dermatologie,"3,85",19,66
67,08-Dermatologie,"6,57",76,67
68,08-Dermatologie,"4,69",36,68
69,08-Dermatologie,"7,29",139,69
70,08-Dermatologie,"2,56",6,70
71,08-Dermatologie,"2,73",15,71
72,08-Dermatologie,"3,18",18,72
73,08-Dermatologie,"4,94",22,73
74,08-Dermatologie,"4,94",42,74
75,08-Dermatologie,"24,32",514,75
76,08-Dermatologie,"5,71",72,76
77,08-Dermatologie,"2,07",30,77
78,08-Dermatologie,"4,69",69,78
79,08-Dermatologie,"2,13",8,79
80,08-Dermatologie,"5,66",32,80
81,08-Dermatologie,"5,05",20,81
82,08-Dermatologie,"1,51",4,82
83,08-Dermatologie,"5,95",66,83
84,08-Dermatologie,"3,87",22,84
85,08-Dermatologie,"2,27",16,85
86,08-Dermatologie,"6,38",28,86
87,08-Dermatologie,"6,18",23,87
88,08-Dermatologie,"2,23",8,88
89,08-Dermatologie,"2,1",7,89
90,08-Dermatologie,"6,42",9,90
91,08-Dermatologie,"3,25",43,91
92,08-Dermatologie,"8,86",146,92
93,08-Dermatologie,"3,27",55,93
94,08-Dermatologie,"6,62",94,94
95,08-Dermatologie,"2,52",32,95
971,08-Dermatologie,"3,65",14,971
972,08-Dermatologie,"4,15",15,972
973,08-Dermatologie,"5,55",16,973
974,08-Dermatologie,"3,52",31,974
976,08-Dermatologie,0,0,976
Total général,08-Dermatologie,"432,63",3751,Total général
1,09-Gastro-entérologie,"2,23",15,01
2,09-Gastro-entérologie,"3,04",16,02
3,09-Gastro-entérologie,"3,88",13,03
4,09-Gastro-entérologie,"2,39",4,04
5,09-Gastro-entérologie,"7,76",11,05
6,09-Gastro-entérologie,"7,9",88,06
7,09-Gastro-entérologie,"1,8",6,07
8,09-Gastro-entérologie,"3,37",9,08
9,09-Gastro-entérologie,"3,86",6,09
10,09-Gastro-entérologie,"4,18",13,10
11,09-Gastro-entérologie,"5,82",22,11
12,09-Gastro-entérologie,"3,93",11,12
13,09-Gastro-entérologie,"7,1",147,13
14,09-Gastro-entérologie,"6,53",46,14
15,09-Gastro-entérologie,"6,23",9,15
16,09-Gastro-entérologie,"4,55",16,16
17,09-Gastro-entérologie,"5,69",38,17
18,09-Gastro-entérologie,"3,01",9,18
19,09-Gastro-entérologie,5,12,19
21,09-Gastro-entérologie,"7,07",38,21
22,09-Gastro-entérologie,"4,59",28,22
23,09-Gastro-entérologie,"2,6",3,23
24,09-Gastro-entérologie,"2,88",12,24
25,09-Gastro-entérologie,"5,83",32,25
26,09-Gastro-entérologie,"4,41",23,26
27,09-Gastro-entérologie,"2,49",15,27
28,09-Gastro-entérologie,"3,7",16,28
29,09-Gastro-entérologie,"7,11",66,29
02A,09-Gastro-entérologie,"6,62",11,02A
02B,09-Gastro-entérologie,"5,4",10,02B
30,09-Gastro-entérologie,"5,5",42,30
31,09-Gastro-entérologie,"6,18",90,31
32,09-Gastro-entérologie,"1,56",3,32
33,09-Gastro-entérologie,"7,16",120,33
34,09-Gastro-entérologie,"7,72",94,34
35,09-Gastro-entérologie,"7,03",78,35
36,09-Gastro-entérologie,"3,23",7,36
37,09-Gastro-entérologie,"6,49",40,37
38,09-Gastro-entérologie,"5,42",70,38
39,09-Gastro-entérologie,"3,1",8,39
40,09-Gastro-entérologie,"5,14",22,40
41,09-Gastro-entérologie,"3,65",12,41
42,09-Gastro-entérologie,"4,02",31,42
43,09-Gastro-entérologie,"3,07",7,43
44,09-Gastro-entérologie,"5,77",85,44
45,09-Gastro-entérologie,"3,93",27,45
46,09-Gastro-entérologie,"5,69",10,46
47,09-Gastro-entérologie,"6,02",20,47
48,09-Gastro-entérologie,"2,61",2,48
49,09-Gastro-entérologie,"5,92",49,49
50,09-Gastro-entérologie,"3,42",17,50
51,09-Gastro-entérologie,"7,45",42,51
52,09-Gastro-entérologie,"2,35",4,52
53,09-Gastro-entérologie,"2,95",9,53
54,09-Gastro-entérologie,"5,73",42,54
55,09-Gastro-entérologie,"3,32",6,55
56,09-Gastro-entérologie,"4,64",36,56
57,09-Gastro-entérologie,"4,57",48,57
58,09-Gastro-entérologie,"2,47",5,58
59,09-Gastro-entérologie,"5,73",150,59
60,09-Gastro-entérologie,"3,61",30,60
61,09-Gastro-entérologie,"3,62",10,61
62,09-Gastro-entérologie,"4,73",69,62
63,09-Gastro-entérologie,"5,12",34,63
64,09-Gastro-entérologie,"6,43",45,64
65,09-Gastro-entérologie,"3,89",9,65
66,09-Gastro-entérologie,"4,67",23,66
67,09-Gastro-entérologie,"6,74",78,67
68,09-Gastro-entérologie,"4,56",35,68
69,09-Gastro-entérologie,"8,7",166,69
70,09-Gastro-entérologie,"2,56",6,70
71,09-Gastro-entérologie,"4,73",26,71
72,09-Gastro-entérologie,3,17,72
73,09-Gastro-entérologie,"5,17",23,73
74,09-Gastro-entérologie,"4,47",38,74
75,09-Gastro-entérologie,"15,66",331,75
76,09-Gastro-entérologie,"6,35",80,76
77,09-Gastro-entérologie,"3,24",47,77
78,09-Gastro-entérologie,"4,28",63,78
79,09-Gastro-entérologie,"2,13",8,79
80,09-Gastro-entérologie,"6,37",36,80
81,09-Gastro-entérologie,"4,29",17,81
82,09-Gastro-entérologie,"3,77",10,82
83,09-Gastro-entérologie,"5,05",56,83
84,09-Gastro-entérologie,"4,92",28,84
85,09-Gastro-entérologie,"4,25",30,85
86,09-Gastro-entérologie,"5,93",26,86
87,09-Gastro-entérologie,"5,1",19,87
88,09-Gastro-entérologie,"2,51",9,88
89,09-Gastro-entérologie,"2,99",10,89
90,09-Gastro-entérologie,"5,71",8,90
91,09-Gastro-entérologie,"3,25",43,91
92,09-Gastro-entérologie,"10,26",169,92
93,09-Gastro-entérologie,"5,05",85,93
94,09-Gastro-entérologie,"8,31",118,94
95,09-Gastro-entérologie,"3,38",43,95
971,09-Gastro-entérologie,"4,69",18,971
972,09-Gastro-entérologie,"3,05",11,972
973,09-Gastro-entérologie,"1,73",5,973
974,09-Gastro-entérologie,"4,77",42,974
976,09-Gastro-entérologie,"0,67",2,976
Total général,09-Gastro-entérologie,"482,52",3844,Total général
1,10-Gynécologie,"5,36",36,01
2,10-Gynécologie,"6,28",33,02
3,10-Gynécologie,"8,96",30,03
4,10-Gynécologie,"7,18",12,04
5,10-Gynécologie,"8,47",12,05
6,10-Gynécologie,"16,69",186,06
7,10-Gynécologie,"6,3",21,07
8,10-Gynécologie,"5,24",14,08
9,10-Gynécologie,"4,51",7,09
10,10-Gynécologie,"8,36",26,10
11,10-Gynécologie,"8,74",33,11
12,10-Gynécologie,"5,72",16,12
13,10-Gynécologie,"15,22",315,13
14,10-Gynécologie,"11,78",83,14
15,10-Gynécologie,"6,93",10,15
16,10-Gynécologie,"7,96",28,16
17,10-Gynécologie,"8,53",57,17
18,10-Gynécologie,"7,35",22,18
19,10-Gynécologie,"9,16",22,19
21,10-Gynécologie,"13,58",73,21
22,10-Gynécologie,"6,73",41,22
23,10-Gynécologie,"4,33",5,23
24,10-Gynécologie,"5,28",22,24
25,10-Gynécologie,"8,02",44,25
26,10-Gynécologie,"9,4",49,26
27,10-Gynécologie,"4,99",30,27
28,10-Gynécologie,"7,85",34,28
29,10-Gynécologie,"9,16",85,29
02A,10-Gynécologie,"11,44",19,02A
02B,10-Gynécologie,"10,26",19,02B
30,10-Gynécologie,"9,69",74,30
31,10-Gynécologie,"14,42",210,31
32,10-Gynécologie,"7,79",15,32
33,10-Gynécologie,"15,4",258,33
34,10-Gynécologie,"12,98",158,34
35,10-Gynécologie,"11,27",125,35
36,10-Gynécologie,"8,3",18,36
37,10-Gynécologie,"11,03",68,37
38,10-Gynécologie,"10,22",132,38
39,10-Gynécologie,"5,8",15,39
40,10-Gynécologie,"7,24",31,40
41,10-Gynécologie,"6,99",23,41
42,10-Gynécologie,"9,58",74,42
43,10-Gynécologie,"4,82",11,43
44,10-Gynécologie,"10,73",158,44
45,10-Gynécologie,"8,44",58,45
46,10-Gynécologie,"6,26",11,46
47,10-Gynécologie,"6,92",23,47
48,10-Gynécologie,"9,15",7,48
49,10-Gynécologie,"9,06",75,49
50,10-Gynécologie,"5,84",29,50
51,10-Gynécologie,"11,52",65,51
52,10-Gynécologie,"6,48",11,52
53,10-Gynécologie,"4,26",13,53
54,10-Gynécologie,"11,32",83,54
55,10-Gynécologie,"4,98",9,55
56,10-Gynécologie,"9,02",70,56
57,10-Gynécologie,"8,28",87,57
58,10-Gynécologie,"6,92",14,58
59,10-Gynécologie,"12,76",334,59
60,10-Gynécologie,"6,74",56,60
61,10-Gynécologie,"6,16",17,61
62,10-Gynécologie,"8,77",128,62
63,10-Gynécologie,"12,49",83,63
64,10-Gynécologie,"11,44",80,64
65,10-Gynécologie,"8,64",20,65
66,10-Gynécologie,"9,74",48,66
67,10-Gynécologie,"15,13",175,67
68,10-Gynécologie,"10,55",81,68
69,10-Gynécologie,"15,3",292,69
70,10-Gynécologie,"5,56",13,70
71,10-Gynécologie,"8,74",48,71
72,10-Gynécologie,"6,18",35,72
73,10-Gynécologie,"9,88",44,73
74,10-Gynécologie,"10,71",91,74
75,10-Gynécologie,"41,16",870,75
76,10-Gynécologie,"9,84",124,76
77,10-Gynécologie,"7,5",109,77
78,10-Gynécologie,"12,37",182,78
79,10-Gynécologie,"5,86",22,79
80,10-Gynécologie,"8,84",50,80
81,10-Gynécologie,"8,58",34,81
82,10-Gynécologie,"7,93",21,82
83,10-Gynécologie,"9,56",106,83
84,10-Gynécologie,"13,89",79,84
85,10-Gynécologie,"6,51",46,85
86,10-Gynécologie,"8,43",37,86
87,10-Gynécologie,"10,47",39,87
88,10-Gynécologie,"7,25",26,88
89,10-Gynécologie,"4,79",16,89
90,10-Gynécologie,"14,28",20,90
91,10-Gynécologie,"8,61",114,91
92,10-Gynécologie,"17,48",288,92
93,10-Gynécologie,"8,15",137,93
94,10-Gynécologie,"13,03",185,94
95,10-Gynécologie,"9,44",120,95
971,10-Gynécologie,"13,3",51,971
972,10-Gynécologie,"11,08",40,972
973,10-Gynécologie,"13,18",38,973
974,10-Gynécologie,"14,52",128,974
976,10-Gynécologie,4,12,976
Total général,10-Gynécologie,"953,33",7748,Total général
1,11-Pédiatrie,"3,87",26,01
2,11-Pédiatrie,"8,56",45,02
3,11-Pédiatrie,"5,68",19,03
4,11-Pédiatrie,"7,18",12,04
5,11-Pédiatrie,"8,47",12,05
6,11-Pédiatrie,"17,41",194,06
7,11-Pédiatrie,"5,1",17,07
8,11-Pédiatrie,"5,24",14,08
9,11-Pédiatrie,"7,08",11,09
10,11-Pédiatrie,"7,07",22,10
11,11-Pédiatrie,"6,62",25,11
12,11-Pédiatrie,"5,72",16,12
13,11-Pédiatrie,"19,76",409,13
14,11-Pédiatrie,"15,47",109,14
15,11-Pédiatrie,"5,54",8,15
16,11-Pédiatrie,"4,55",16,16
17,11-Pédiatrie,"8,98",60,17
18,11-Pédiatrie,"5,68",17,18
19,11-Pédiatrie,"6,66",16,19
21,11-Pédiatrie,"15,63",84,21
22,11-Pédiatrie,"6,73",41,22
23,11-Pédiatrie,"2,6",3,23
24,11-Pédiatrie,"4,8",20,24
25,11-Pédiatrie,"12,39",68,25
26,11-Pédiatrie,"9,4",49,26
27,11-Pédiatrie,"2,99",18,27
28,11-Pédiatrie,"6,01",26,28
29,11-Pédiatrie,"12,72",118,29
02A,11-Pédiatrie,"9,64",16,02A
02B,11-Pédiatrie,"7,56",14,02B
30,11-Pédiatrie,"9,29",71,30
31,11-Pédiatrie,"17,65",257,31
32,11-Pédiatrie,"6,23",12,32
33,11-Pédiatrie,"15,34",257,33
34,11-Pédiatrie,"18,07",220,34
35,11-Pédiatrie,"13,61",151,35
36,11-Pédiatrie,"1,38",3,36
37,11-Pédiatrie,"18,98",117,37
38,11-Pédiatrie,"13,47",174,38
39,11-Pédiatrie,"6,58",17,39
40,11-Pédiatrie,"6,77",29,40
41,11-Pédiatrie,"7,6",25,41
42,11-Pédiatrie,"11,66",90,42
43,11-Pédiatrie,"3,07",7,43
44,11-Pédiatrie,"12,76",188,44
45,11-Pédiatrie,"8,59",59,45
46,11-Pédiatrie,"3,99",7,46
47,11-Pédiatrie,"6,92",23,47
48,11-Pédiatrie,"6,54",5,48
49,11-Pédiatrie,"12,68",105,49
50,11-Pédiatrie,"7,04",35,50
51,11-Pédiatrie,"14,71",83,51
52,11-Pédiatrie,"4,12",7,52
53,11-Pédiatrie,"4,91",15,53
54,11-Pédiatrie,"18,69",137,54
55,11-Pédiatrie,"4,43",8,55
56,11-Pédiatrie,"8,63",67,56
57,11-Pédiatrie,"7,14",75,57
58,11-Pédiatrie,"4,45",9,58
59,11-Pédiatrie,"14,37",376,59
60,11-Pédiatrie,"7,34",61,60
61,11-Pédiatrie,"9,05",25,61
62,11-Pédiatrie,"8,49",124,62
63,11-Pédiatrie,"15,8",105,63
64,11-Pédiatrie,"12,72",89,64
65,11-Pédiatrie,"7,78",18,65
66,11-Pédiatrie,"10,14",50,66
67,11-Pédiatrie,"15,99",185,67
68,11-Pédiatrie,"10,81",83,68
69,11-Pédiatrie,"20,39",389,69
70,11-Pédiatrie,"3,42",8,70
71,11-Pédiatrie,"6,56",36,71
72,11-Pédiatrie,"6,54",37,72
73,11-Pédiatrie,"15,27",68,73
74,11-Pédiatrie,10,85,74
75,11-Pédiatrie,"50,05",1058,75
76,11-Pédiatrie,"12,62",159,76
77,11-Pédiatrie,"8,4",122,77
78,11-Pédiatrie,"14,21",209,78
79,11-Pédiatrie,"4,53",17,79
80,11-Pédiatrie,"14,32",81,80
81,11-Pédiatrie,"6,31",25,81
82,11-Pédiatrie,"6,79",18,82
83,11-Pédiatrie,"9,56",106,83
84,11-Pédiatrie,"7,03",40,84
85,11-Pédiatrie,"3,68",26,85
86,11-Pédiatrie,"12,99",57,86
87,11-Pédiatrie,"10,47",39,87
88,11-Pédiatrie,"7,53",27,88
89,11-Pédiatrie,"5,99",20,89
90,11-Pédiatrie,"12,14",17,90
91,11-Pédiatrie,"9,74",129,91
92,11-Pédiatrie,"21,55",355,92
93,11-Pédiatrie,"12,43",209,93
94,11-Pédiatrie,"21,56",306,94
95,11-Pédiatrie,"9,99",127,95
971,11-Pédiatrie,"14,34",55,971
972,11-Pédiatrie,"11,63",42,972
973,11-Pédiatrie,"16,64",48,973
974,11-Pédiatrie,"20,31",179,974
976,11-Pédiatrie,"9,01",27,976
Total général,11-Pédiatrie,"1028,9",8995,Total général
1,12-Pneumologie,"2,23",15,01
2,12-Pneumologie,"4,95",26,02
3,12-Pneumologie,"2,99",10,03
4,12-Pneumologie,"1,2",2,04
5,12-Pneumologie,"9,18",13,05
6,12-Pneumologie,"6,73",75,06
7,12-Pneumologie,"4,2",14,07
8,12-Pneumologie,"2,62",7,08
9,12-Pneumologie,"5,15",8,09
10,12-Pneumologie,"2,57",8,10
11,12-Pneumologie,"2,91",11,11
12,12-Pneumologie,"2,5",7,12
13,12-Pneumologie,"6,04",125,13
14,12-Pneumologie,"5,11",36,14
15,12-Pneumologie,"2,77",4,15
16,12-Pneumologie,"3,13",11,16
17,12-Pneumologie,"3,59",24,17
18,12-Pneumologie,"1,34",4,18
19,12-Pneumologie,"3,33",8,19
21,12-Pneumologie,"6,14",33,21
22,12-Pneumologie,"4,59",28,22
23,12-Pneumologie,"6,06",7,23
24,12-Pneumologie,"2,88",12,24
25,12-Pneumologie,"4,56",25,25
26,12-Pneumologie,"4,22",22,26
27,12-Pneumologie,"2,16",13,27
28,12-Pneumologie,"3,46",15,28
29,12-Pneumologie,"6,14",57,29
02A,12-Pneumologie,"4,22",7,02A
02B,12-Pneumologie,"4,32",8,02B
30,12-Pneumologie,"4,32",33,30
31,12-Pneumologie,"5,77",84,31
32,12-Pneumologie,"1,04",2,32
33,12-Pneumologie,"4,3",72,33
34,12-Pneumologie,"5,83",71,34
35,12-Pneumologie,"4,42",49,35
36,12-Pneumologie,"2,77",6,36
37,12-Pneumologie,"3,89",24,37
38,12-Pneumologie,"5,73",74,38
39,12-Pneumologie,"4,26",11,39
40,12-Pneumologie,"2,33",10,40
41,12-Pneumologie,"4,26",14,41
42,12-Pneumologie,"4,53",35,42
43,12-Pneumologie,"2,19",5,43
44,12-Pneumologie,"4,48",66,44
45,12-Pneumologie,"3,35",23,45
46,12-Pneumologie,"2,85",5,46
47,12-Pneumologie,"2,71",9,47
48,12-Pneumologie,"2,61",2,48
49,12-Pneumologie,"4,71",39,49
50,12-Pneumologie,"3,82",19,50
51,12-Pneumologie,"4,79",27,51
52,12-Pneumologie,"2,94",5,52
53,12-Pneumologie,"1,31",4,53
54,12-Pneumologie,"4,64",34,54
55,12-Pneumologie,"3,32",6,55
56,12-Pneumologie,"4,77",37,56
57,12-Pneumologie,"5,04",53,57
58,12-Pneumologie,"1,48",3,58
59,12-Pneumologie,"5,69",149,59
60,12-Pneumologie,"3,37",28,60
61,12-Pneumologie,"3,62",10,61
62,12-Pneumologie,"4,79",70,62
63,12-Pneumologie,"3,16",21,63
64,12-Pneumologie,"6,86",48,64
65,12-Pneumologie,"3,89",9,65
66,12-Pneumologie,"6,29",31,66
67,12-Pneumologie,"4,75",55,67
68,12-Pneumologie,"4,43",34,68
69,12-Pneumologie,"6,24",119,69
70,12-Pneumologie,"2,56",6,70
71,12-Pneumologie,"4,19",23,71
72,12-Pneumologie,"3,18",18,72
73,12-Pneumologie,"4,27",19,73
74,12-Pneumologie,"4,36",37,74
75,12-Pneumologie,14,296,75
76,12-Pneumologie,"5,87",74,76
77,12-Pneumologie,"2,69",39,77
78,12-Pneumologie,"2,99",44,78
79,12-Pneumologie,"2,4",9,79
80,12-Pneumologie,"5,66",32,80
81,12-Pneumologie,"4,29",17,81
82,12-Pneumologie,"3,77",10,82
83,12-Pneumologie,"4,87",54,83
84,12-Pneumologie,"3,34",19,84
85,12-Pneumologie,"2,55",18,85
86,12-Pneumologie,"4,33",19,86
87,12-Pneumologie,"5,91",22,87
88,12-Pneumologie,"3,07",11,88
89,12-Pneumologie,"3,59",12,89
90,12-Pneumologie,"7,14",10,90
91,12-Pneumologie,"2,87",38,91
92,12-Pneumologie,"6,07",100,92
93,12-Pneumologie,"3,15",53,93
94,12-Pneumologie,"5,35",76,94
95,12-Pneumologie,"3,78",48,95
971,12-Pneumologie,"2,61",10,971
972,12-Pneumologie,"3,88",14,972
973,12-Pneumologie,"1,04",3,973
974,12-Pneumologie,"4,08",36,974
976,12-Pneumologie,"0,67",2,976
Total général,12-Pneumologie,"411,37",3200,Total général
1,13-Psychiatrie et neuropsychiatrie,"10,28",69,01
2,13-Psychiatrie et neuropsychiatrie,"11,61",61,02
3,13-Psychiatrie et neuropsychiatrie,"15,24",51,03
4,13-Psychiatrie et neuropsychiatrie,"16,15",27,04
5,13-Psychiatrie et neuropsychiatrie,"21,88",31,05
6,13-Psychiatrie et neuropsychiatrie,"33,29",371,06
7,13-Psychiatrie et neuropsychiatrie,"12,6",42,07
8,13-Psychiatrie et neuropsychiatrie,"10,1",27,08
9,13-Psychiatrie et neuropsychiatrie,"16,09",25,09
10,13-Psychiatrie et neuropsychiatrie,"9,64",30,10
11,13-Psychiatrie et neuropsychiatrie,"15,35",58,11
12,13-Psychiatrie et neuropsychiatrie,"15,01",42,12
13,13-Psychiatrie et neuropsychiatrie,"35,46",734,13
14,13-Psychiatrie et neuropsychiatrie,"22,28",157,14
15,13-Psychiatrie et neuropsychiatrie,"12,47",18,15
16,13-Psychiatrie et neuropsychiatrie,"14,22",50,16
17,13-Psychiatrie et neuropsychiatrie,"16,76",112,17
18,13-Psychiatrie et neuropsychiatrie,"13,69",41,18
19,13-Psychiatrie et neuropsychiatrie,"11,66",28,19
21,13-Psychiatrie et neuropsychiatrie,"25,86",139,21
22,13-Psychiatrie et neuropsychiatrie,"14,44",88,22
23,13-Psychiatrie et neuropsychiatrie,"19,91",23,23
24,13-Psychiatrie et neuropsychiatrie,"12,97",54,24
25,13-Psychiatrie et neuropsychiatrie,"23,88",131,25
26,13-Psychiatrie et neuropsychiatrie,"14,77",77,26
27,13-Psychiatrie et neuropsychiatrie,"11,48",69,27
28,13-Psychiatrie et neuropsychiatrie,"9,7",42,28
29,13-Psychiatrie et neuropsychiatrie,"20,05",186,29
02A,13-Psychiatrie et neuropsychiatrie,"20,48",34,02A
02B,13-Psychiatrie et neuropsychiatrie,"21,05",39,02B
30,13-Psychiatrie et neuropsychiatrie,"19,37",148,30
31,13-Psychiatrie et neuropsychiatrie,"28,02",408,31
32,13-Psychiatrie et neuropsychiatrie,"13,5",26,32
33,13-Psychiatrie et neuropsychiatrie,"34,69",581,33
34,13-Psychiatrie et neuropsychiatrie,"28,59",348,34
35,13-Psychiatrie et neuropsychiatrie,"21,64",240,35
36,13-Psychiatrie et neuropsychiatrie,"10,15",22,36
37,13-Psychiatrie et neuropsychiatrie,"27,1",167,37
38,13-Psychiatrie et neuropsychiatrie,"22,07",285,38
39,13-Psychiatrie et neuropsychiatrie,"16,25",42,39
40,13-Psychiatrie et neuropsychiatrie,14,60,40
41,13-Psychiatrie et neuropsychiatrie,"14,59",48,41
42,13-Psychiatrie et neuropsychiatrie,"17,87",138,42
43,13-Psychiatrie et neuropsychiatrie,"14,9",34,43
44,13-Psychiatrie et neuropsychiatrie,"23,69",349,44
45,13-Psychiatrie et neuropsychiatrie,"12,23",84,45
46,13-Psychiatrie et neuropsychiatrie,"20,5",36,46
47,13-Psychiatrie et neuropsychiatrie,"13,85",46,47
48,13-Psychiatrie et neuropsychiatrie,"16,99",13,48
49,13-Psychiatrie et neuropsychiatrie,"21,01",174,49
50,13-Psychiatrie et neuropsychiatrie,"12,08",60,50
51,13-Psychiatrie et neuropsychiatrie,"21,98",124,51
52,13-Psychiatrie et neuropsychiatrie,"11,77",20,52
53,13-Psychiatrie et neuropsychiatrie,"9,49",29,53
54,13-Psychiatrie et neuropsychiatrie,"23,74",174,54
55,13-Psychiatrie et neuropsychiatrie,"8,85",16,55
56,13-Psychiatrie et neuropsychiatrie,"15,98",124,56
57,13-Psychiatrie et neuropsychiatrie,"14,18",149,57
58,13-Psychiatrie et neuropsychiatrie,"13,35",27,58
59,13-Psychiatrie et neuropsychiatrie,"20,6",539,59
60,13-Psychiatrie et neuropsychiatrie,"11,8",98,60
61,13-Psychiatrie et neuropsychiatrie,"10,5",29,61
62,13-Psychiatrie et neuropsychiatrie,"12,6",184,62
63,13-Psychiatrie et neuropsychiatrie,"27,54",183,63
64,13-Psychiatrie et neuropsychiatrie,"25,73",180,64
65,13-Psychiatrie et neuropsychiatrie,"18,58",43,65
66,13-Psychiatrie et neuropsychiatrie,"18,05",89,66
67,13-Psychiatrie et neuropsychiatrie,"27,14",314,67
68,13-Psychiatrie et neuropsychiatrie,"15,5",119,68
69,13-Psychiatrie et neuropsychiatrie,"37,74",720,69
70,13-Psychiatrie et neuropsychiatrie,"17,95",42,70
71,13-Psychiatrie et neuropsychiatrie,"15,66",86,71
72,13-Psychiatrie et neuropsychiatrie,"12,36",70,72
73,13-Psychiatrie et neuropsychiatrie,"18,19",81,73
74,13-Psychiatrie et neuropsychiatrie,"16,6",141,74
75,13-Psychiatrie et neuropsychiatrie,"99,82",2110,75
76,13-Psychiatrie et neuropsychiatrie,"19,52",246,76
77,13-Psychiatrie et neuropsychiatrie,"13,29",193,77
78,13-Psychiatrie et neuropsychiatrie,"22,71",334,78
79,13-Psychiatrie et neuropsychiatrie,"11,72",44,79
80,13-Psychiatrie et neuropsychiatrie,"18,74",106,80
81,13-Psychiatrie et neuropsychiatrie,"19,44",77,81
82,13-Psychiatrie et neuropsychiatrie,"15,1",40,82
83,13-Psychiatrie et neuropsychiatrie,"18,86",209,83
84,13-Psychiatrie et neuropsychiatrie,"22,33",127,84
85,13-Psychiatrie et neuropsychiatrie,"8,21",58,85
86,13-Psychiatrie et neuropsychiatrie,"21,43",94,86
87,13-Psychiatrie et neuropsychiatrie,"27,39",102,87
88,13-Psychiatrie et neuropsychiatrie,"12,27",44,88
89,13-Psychiatrie et neuropsychiatrie,"12,58",42,89
90,13-Psychiatrie et neuropsychiatrie,"15,71",22,90
91,13-Psychiatrie et neuropsychiatrie,"17,67",234,91
92,13-Psychiatrie et neuropsychiatrie,"24,28",400,92
93,13-Psychiatrie et neuropsychiatrie,"18,97",319,93
94,13-Psychiatrie et neuropsychiatrie,"30,22",429,94
95,13-Psychiatrie et neuropsychiatrie,"17,23",219,95
971,13-Psychiatrie et neuropsychiatrie,"14,08",54,971
972,13-Psychiatrie et neuropsychiatrie,"19,39",70,972
973,13-Psychiatrie et neuropsychiatrie,"4,51",13,973
974,13-Psychiatrie et neuropsychiatrie,"19,97",176,974
976,13-Psychiatrie et neuropsychiatrie,"2,34",7,976
Total général,13-Psychiatrie et neuropsychiatrie,"1865,12",15515,Total général
1,14-Plateaux techniques,"7,6",51,01
2,14-Plateaux techniques,"11,42",60,02
3,14-Plateaux techniques,"15,24",51,03
4,14-Plateaux techniques,"8,97",15,04
5,14-Plateaux techniques,"17,65",25,05
6,14-Plateaux techniques,"29,43",328,06
7,14-Plateaux techniques,"16,81",56,07
8,14-Plateaux techniques,"12,72",34,08
9,14-Plateaux techniques,"7,73",12,09
10,14-Plateaux techniques,"13,82",43,10
11,14-Plateaux techniques,"16,41",62,11
12,14-Plateaux techniques,"12,51",35,12
13,14-Plateaux techniques,"23,34",483,13
14,14-Plateaux techniques,"25,83",182,14
15,14-Plateaux techniques,"11,08",16,15
16,14-Plateaux techniques,"9,67",34,16
17,14-Plateaux techniques,"16,46",110,17
18,14-Plateaux techniques,"12,69",38,18
19,14-Plateaux techniques,"23,74",57,19
21,14-Plateaux techniques,"26,6",143,21
22,14-Plateaux techniques,"10,66",65,22
23,14-Plateaux techniques,"6,06",7,23
24,14-Plateaux techniques,"8,17",34,24
25,14-Plateaux techniques,"22,42",123,25
26,14-Plateaux techniques,"11,12",58,26
27,14-Plateaux techniques,"10,31",62,27
28,14-Plateaux techniques,"13,86",60,28
29,14-Plateaux techniques,"16,06",149,29
02A,14-Plateaux techniques,"22,28",37,02A
02B,14-Plateaux techniques,"12,96",24,02B
30,14-Plateaux techniques,"19,37",148,30
31,14-Plateaux techniques,"23,21",338,31
32,14-Plateaux techniques,"7,79",15,32
33,14-Plateaux techniques,"26,27",440,33
34,14-Plateaux techniques,"24,89",303,34
35,14-Plateaux techniques,"18,21",202,35
36,14-Plateaux techniques,"7,84",17,36
37,14-Plateaux techniques,"24,18",149,37
38,14-Plateaux techniques,"19,44",251,38
39,14-Plateaux techniques,"1,55",4,39
40,14-Plateaux techniques,14,60,40
41,14-Plateaux techniques,"10,64",35,41
42,14-Plateaux techniques,"15,54",120,42
43,14-Plateaux techniques,"8,77",20,43
44,14-Plateaux techniques,"16,36",241,44
45,14-Plateaux techniques,"13,24",91,45
46,14-Plateaux techniques,"8,54",15,46
47,14-Plateaux techniques,"9,93",33,47
48,14-Plateaux techniques,"6,54",5,48
49,14-Plateaux techniques,"14,01",116,49
50,14-Plateaux techniques,"10,27",51,50
51,14-Plateaux techniques,"21,1",119,51
52,14-Plateaux techniques,"7,65",13,52
53,14-Plateaux techniques,"8,84",27,53
54,14-Plateaux techniques,"25,11",184,54
55,14-Plateaux techniques,"17,15",31,55
56,14-Plateaux techniques,"15,33",119,56
57,14-Plateaux techniques,"13,23",139,57
58,14-Plateaux techniques,"9,89",20,58
59,14-Plateaux techniques,"21,82",571,59
60,14-Plateaux techniques,"11,32",94,60
61,14-Plateaux techniques,"11,23",31,61
62,14-Plateaux techniques,"11,51",168,62
63,14-Plateaux techniques,"21,52",143,63
64,14-Plateaux techniques,"20,02",140,64
65,14-Plateaux techniques,"13,39",31,65
66,14-Plateaux techniques,"30,83",152,66
67,14-Plateaux techniques,"23,86",276,67
68,14-Plateaux techniques,"15,5",119,68
69,14-Plateaux techniques,"26,83",512,69
70,14-Plateaux techniques,"5,98",14,70
71,14-Plateaux techniques,"12,38",68,71
72,14-Plateaux techniques,"11,48",65,72
73,14-Plateaux techniques,"19,31",86,73
74,14-Plateaux techniques,"16,13",137,74
75,14-Plateaux techniques,"58,24",1231,75
76,14-Plateaux techniques,"15,95",201,76
77,14-Plateaux techniques,"10,6",154,77
78,14-Plateaux techniques,"12,99",191,78
79,14-Plateaux techniques,"12,79",48,79
80,14-Plateaux techniques,"17,15",97,80
81,14-Plateaux techniques,"15,15",60,81
82,14-Plateaux techniques,"13,21",35,82
83,14-Plateaux techniques,"16,87",187,83
84,14-Plateaux techniques,"16,35",93,84
85,14-Plateaux techniques,"10,76",76,85
86,14-Plateaux techniques,"24,85",109,86
87,14-Plateaux techniques,"14,23",53,87
88,14-Plateaux techniques,"7,81",28,88
89,14-Plateaux techniques,"7,79",26,89
90,14-Plateaux techniques,"18,56",26,90
91,14-Plateaux techniques,"11,25",149,91
92,14-Plateaux techniques,"25,74",424,92
93,14-Plateaux techniques,"12,31",207,93
94,14-Plateaux techniques,"26,84",381,94
95,14-Plateaux techniques,"12,43",158,95
971,14-Plateaux techniques,"10,43",40,971
972,14-Plateaux techniques,"15,51",56,972
973,14-Plateaux techniques,"6,94",20,973
974,14-Plateaux techniques,"14,41",127,974
976,14-Plateaux techniques,1,3,976
Total général,14-Plateaux techniques,"1555,78",12547,Total général
1,15-Autre spécialité,"20,11",135,01
2,15-Autre spécialité,"23,97",126,02
3,15-Autre spécialité,"35,25",118,03
4,15-Autre spécialité,"32,9",55,04
5,15-Autre spécialité,"41,64",59,05
6,15-Autre spécialité,"47,73",532,06
7,15-Autre spécialité,"21,61",72,07
8,15-Autre spécialité,"26,95",72,08
9,15-Autre spécialité,"22,53",35,09
10,15-Autre spécialité,"26,36",82,10
11,15-Autre spécialité,"32,03",121,11
12,15-Autre spécialité,"27,53",77,12
13,15-Autre spécialité,"49,71",1029,13
14,15-Autre spécialité,"45,98",324,14
15,15-Autre spécialité,"25,62",37,15
16,15-Autre spécialité,"30,15",106,16
17,15-Autre spécialité,"29,78",199,17
18,15-Autre spécialité,"20,37",61,18
19,15-Autre spécialité,"30,4",73,19
21,15-Autre spécialité,"59,53",320,21
22,15-Autre spécialité,"28,54",174,22
23,15-Autre spécialité,"24,24",28,23
24,15-Autre spécialité,"23,06",96,24
25,15-Autre spécialité,"41,56",228,25
26,15-Autre spécialité,"36,82",192,26
27,15-Autre spécialité,"17,3",104,27
28,15-Autre spécialité,"20,79",90,28
29,15-Autre spécialité,"41,71",387,29
02A,15-Autre spécialité,"38,54",64,02A
02B,15-Autre spécialité,"22,13",41,02B
30,15-Autre spécialité,"37,17",284,30
31,15-Autre spécialité,"52,46",764,31
32,15-Autre spécialité,"26,47",51,32
33,15-Autre spécialité,"48,3",809,33
34,15-Autre spécialité,"54,71",666,34
35,15-Autre spécialité,"44,54",494,35
36,15-Autre spécialité,"18,91",41,36
37,15-Autre spécialité,"45,43",280,37
38,15-Autre spécialité,"42,28",546,38
39,15-Autre spécialité,"22,83",59,39
40,15-Autre spécialité,"24,04",103,40
41,15-Autre spécialité,"25,84",85,41
42,15-Autre spécialité,"41,84",323,42
43,15-Autre spécialité,"19,28",44,43
44,15-Autre spécialité,"40,12",591,44
45,15-Autre spécialité,"27,22",187,45
46,15-Autre spécialité,"25,05",44,46
47,15-Autre spécialité,"25,89",86,47
48,15-Autre spécialité,"13,07",10,48
49,15-Autre spécialité,"42,02",348,49
50,15-Autre spécialité,"31,6",157,50
51,15-Autre spécialité,"45,74",258,51
52,15-Autre spécialité,"20,6",35,52
53,15-Autre spécialité,"17,02",52,53
54,15-Autre spécialité,"53,08",389,54
55,15-Autre spécialité,"14,38",26,55
56,15-Autre spécialité,"34,53",268,56
57,15-Autre spécialité,"28,74",302,57
58,15-Autre spécialité,"21,26",43,58
59,15-Autre spécialité,"41,84",1095,59
60,15-Autre spécialité,"24,44",203,60
61,15-Autre spécialité,"18,11",50,61
62,15-Autre spécialité,"26,3",384,62
63,15-Autre spécialité,"46,36",308,63
64,15-Autre spécialité,"41,6",291,64
65,15-Autre spécialité,"35,86",83,65
66,15-Autre spécialité,"32,46",160,66
67,15-Autre spécialité,"54,02",625,67
68,15-Autre spécialité,"44,02",338,68
69,15-Autre spécialité,"60,85",1161,69
70,15-Autre spécialité,"22,66",53,70
71,15-Autre spécialité,"32,23",177,71
72,15-Autre spécialité,"25,79",146,72
73,15-Autre spécialité,42,187,73
74,15-Autre spécialité,"34,61",294,74
75,15-Autre spécialité,"136,96",2895,75
76,15-Autre spécialité,"41,98",529,76
77,15-Autre spécialité,"21,96",319,77
78,15-Autre spécialité,"31,82",468,78
79,15-Autre spécialité,"23,17",87,79
80,15-Autre spécialité,"43,32",245,80
81,15-Autre spécialité,"33,82",134,81
82,15-Autre spécialité,"20,38",54,82
83,15-Autre spécialité,"29,68",329,83
84,15-Autre spécialité,"33,94",193,84
85,15-Autre spécialité,"24,92",176,85
86,15-Autre spécialité,"45,82",201,86
87,15-Autre spécialité,"47,52",177,87
88,15-Autre spécialité,"18,96",68,88
89,15-Autre spécialité,"22,46",75,89
90,15-Autre spécialité,"42,12",59,90
91,15-Autre spécialité,"28,01",371,91
92,15-Autre spécialité,"53,6",883,92
93,15-Autre spécialité,"30,39",511,93
94,15-Autre spécialité,"61,92",879,94
95,15-Autre spécialité,"26,68",339,95
971,15-Autre spécialité,"33,37",128,971
972,15-Autre spécialité,"37,12",134,972
973,15-Autre spécialité,"21,15",61,973
974,15-Autre spécialité,"35,17",310,974
976,15-Autre spécialité,"5,67",17,976
Total général,15-Autre spécialité,"3424,32",27579,Total général
